[{
      "module":"module1.js",
      "sizeDifference":"+100",
      "assetsImpactedCount":3,
      "assetsImpactedNames":[
          "asset1",
          "asset2",
          "asset3"
      ]
    },
    {
      "module":"module2.js",
      "sizeDifference":"+150",
      "assetsImpactedCount":3,
      "assetsImpactedNames":[
          "asset4",
          "asset5"
      ]
    },
    {
      "module":"module3.js",
      "sizeDifference":"+200",
      "assetsImpactedCount":3,
      "assetsImpactedNames":[
          "asset4",
          "asset5"
      ]
    },
    {
      "module":"module4.js",
      "sizeDifference":"+450",
      "assetsImpactedCount":4,
      "assetsImpactedNames":[
          "asset6",
          "asset7"
      ]
    },
    {
      "module":"module5.js",
      "sizeDifference":"+500",
      "assetsImpactedCount":2,
      "assetsImpactedNames":[
          "asset8"
      ]
    },
    {
      "module":"module6.js",
      "sizeDifference":"+650",
      "assetsImpactedCount":3,
      "assetsImpactedNames":[
          "asset9",
          "asset10"
      ]
    },
    {
      "module":"module7.js",
      "sizeDifference":"+600",
      "assetsImpactedCount":2,
      "assetsImpactedNames":[
          "asset10",
          "asset11"
      ]
    },
    {
      "module":"module8.js",
      "sizeDifference":"+700",
      "assetsImpactedCount":2,
      "assetsImpactedNames":[
          "asset10",
          "asset11"
      ]
    }]
