[{
      "asset": "asset1",
      "sizeDifference": "+100"
    },
    {
      "asset": "asset2",
      "sizeDifference": "+50"
    },
    
    {
      "asset": "asset3",
      "sizeDifference": "+150"
    },
    {
      "asset": "asset4",
      "sizeDifference": "+200"
    },
    {
      "asset": "asset5",
      "sizeDifference": "+250"
    },
    {
      "asset": "asset6",
      "sizeDifference": "+300"
    },
    {
      "asset": "asset7",
      "sizeDifference": "+350"
    },
    {
      "asset": "asset8",
      "sizeDifference": "+450"
    },
    {
      "asset": "asset9",
      "sizeDifference": "+550"
    },
    {
      "asset": "asset10",
      "sizeDifference": "+650"
    },
    {
      "asset": "asset11",
      "sizeDifference": "+750"
    }]
